<?xml version="1.0" encoding="UTF-8"?>
<config>
	<filename type="exe" name="setup">HpSetup.exe</filename>
	<filename type="chm" name="M1210">%ld%/Manuals/LJM1130-M1210_use_%lww%.chm</filename>
	<filename type="chm" name="M1210add">%ld%/Manuals/LJM1130-M1210_use-addendum_%lww%.chm</filename>

	<language name='AR' dir='Arabic'>01</language>
	<language name='BG' dir='Bulgarian'>02</language>
	<language name='CA' dir='Catalan'>03</language>
	<language name='CS' dir='Cestina'>05</language>
	<language name='DA' dir='Dansk'>06</language>
	<language name='DE' dir='Deutsch'>07</language>
	<language name='EL' dir='Greek'>08</language>
	<language name='EN' dir='English'>09</language>
	<language name='ES' dir='Espanol'>0a</language>
	<language name='ET' dir='Eesti'>25</language>
	<language name='FI' dir='Suomi'>0b</language>
	<language name='FR' dir='Francais'>0c</language>
	<language name='HE' dir='Hebrew'>0d</language>
	<language name='HR' dir='Hrvatski'>1a00</language>
	<language name='HR' dir='Hrvatski'>1a10</language>
	<language name='HR' dir='Hrvatski'>1a04</language>
	<language name='HU' dir='Magyar'>0e</language>
	<language name='ID' dir='Indonesian'>21</language>
	<language name='IT' dir='Italiano'>10</language>
	<language name='KK' dir='Kazakh'>3f</language>
	<language name='KO' dir='Korean'>12</language>
	<language name='LT' dir='Lietuviskai'>27</language>
	<language name='LV' dir='Latviski'>26</language>
	<language name='NL' dir='Nederlands'>13</language>
	<language name='NO' dir='Norsk'>14</language>
	<language name='PL' dir='Polski'>15</language>
	<language name='PT' dir='Portugues'>16</language>
	<language name='RO' dir='Romanian'>18</language>
	<language name='RU' dir='Russian'>19</language>
	<language name='SK' dir='Slovak'>1b</language>
	<language name='SL' dir='Slovenian'>24</language>
	<language name='SR' dir='Srpski'>1a0c</language>
	<language name='SR' dir='Srpski'>1a28</language>
	<language name='SR' dir='Srpski'>1a30</language>
	<language name='SR' dir='Srpski'>1a1c</language>
	<language name='SR' dir='Srpski'>1a08</language>
	<language name='SR' dir='Srpski'>1a24</language>
	<language name='SR' dir='Srpski'>1a2c</language>
	<language name='SR' dir='Srpski'>1a08</language>
	<language name='SR' dir='Srpski'>1a18</language>
	<language name='SR' dir='Srpski'>1a7c</language>
	<language name='SV' dir='Svenska'>1d</language>
	<language name='TH' dir='Thai'>1e</language>
	<language name='TR' dir='Turkce'>1f</language>
	<language name='UK' dir='Ukrainian'>22</language>
	<language name='VI' dir='Viet_Nam'>2a</language>
	<language name='ZHCN' dir='Simplified_Chinese'>0400</language>
	<language name='ZHCN' dir='Simplified_Chinese'>0410</language>
	<language name='ZHCN' dir='Simplified_Chinese'>0408</language>
	<language name='ZHTW' dir='Traditional_Chinese'>0404</language>
	<language name='ZHTW' dir='Traditional_Chinese'>040c</language>
	<language name='ZHTW' dir='Traditional_Chinese'>0414</language>
	<language name='ZHTW' dir='Traditional_Chinese'>047c</language>
</config>